,indices_eo_cvec_pca16_kmeans_0,indices_eo_cvec_pca16_kld,indices_eo_cvec_pca16_ks,indices_eo_cvec_pca16_cos,indices_eo_cvec_pca16_recon,indices_eo_cvec_pca16_taddy_0,indices_eo_cvec_nmf16_kmeans_0,indices_eo_cvec_nmf16_kld,indices_eo_cvec_nmf16_ks,indices_eo_cvec_nmf16_cos,indices_eo_cvec_nmf16_recon,indices_eo_cvec_nmf16_taddy_0,indices_eo_cvec_umap16_kmeans_0,indices_eo_cvec_umap16_kld,indices_eo_cvec_umap16_ks,indices_eo_cvec_umap16_cos,indices_eo_cvec_umap16_recon,indices_eo_cvec_umap16_taddy_0,indices_eo_cvec_tsne16_kmeans_0,indices_eo_cvec_tsne16_kld,indices_eo_cvec_tsne16_ks,indices_eo_cvec_tsne16_cos,indices_eo_cvec_tsne16_recon,indices_eo_cvec_tsne16_taddy_0,indices_eo_bert_kmeans_0,indices_eo_bert_kld,indices_eo_bert_ks,indices_eo_bert_cos,indices_eo_bert_recon,indices_eo_bert_taddy_0,indices_eo_roberta_kmeans_0,indices_eo_roberta_kld,indices_eo_roberta_ks,indices_eo_roberta_cos,indices_eo_roberta_recon,indices_eo_roberta_taddy_0,indices_eo_distil_kmeans_0,indices_eo_distil_kld,indices_eo_distil_ks,indices_eo_distil_cos,indices_eo_distil_recon,indices_eo_distil_taddy_0,indices_eo_glove6B_kmeans_0,indices_eo_glove6B_kld,indices_eo_glove6B_ks,indices_eo_glove6B_cos,indices_eo_glove6B_recon,indices_eo_glove6B_taddy_0,indices_eo_universal_kmeans_0,indices_eo_universal_kld,indices_eo_universal_ks,indices_eo_universal_cos,indices_eo_universal_recon,indices_eo_universal_taddy_0,indices_eo_random_0,indices_eo_topics_taddy_0
indices_eo_cvec_pca16_kmeans_0,1000,128,116,167,132,136,128,119,122,141,136,136,134,108,121,130,117,112,138,111,118,122,114,135,103,132,113,108,117,127,126,117,113,123,119,130,116,136,128,102,127,125,131,108,120,131,138,136,115,134,125,135,130,129,112,116
indices_eo_cvec_pca16_kld,128,1000,177,196,134,340,137,203,163,210,121,327,116,163,120,130,120,147,131,130,101,95,115,164,122,118,119,144,146,141,121,121,125,119,140,121,124,127,113,137,120,134,128,153,152,144,123,120,125,125,280,147,113,197,120,202
indices_eo_cvec_pca16_ks,116,177,1000,130,127,195,130,165,220,137,111,187,114,137,470,119,127,116,114,113,424,119,137,118,131,116,108,127,122,150,120,120,114,122,114,127,102,112,124,134,131,137,124,123,133,122,129,121,113,121,163,128,132,139,117,137
indices_eo_cvec_pca16_cos,167,196,130,1000,119,144,163,173,166,385,119,133,111,161,121,156,121,70,123,114,114,156,110,191,123,108,114,192,145,165,125,129,131,175,164,166,119,136,135,202,165,206,144,176,131,238,128,166,141,147,145,236,110,219,109,117
indices_eo_cvec_pca16_recon,132,134,127,119,1000,121,115,146,132,129,131,127,114,129,108,135,107,135,135,107,122,120,135,118,118,129,112,114,114,108,106,120,105,115,125,133,129,114,137,119,114,121,121,124,112,117,122,117,114,121,124,126,114,132,128,131
indices_eo_cvec_pca16_taddy_0,136,340,195,144,121,1000,147,265,156,188,132,863,129,157,117,105,115,199,119,115,109,34,113,177,118,118,112,130,134,127,117,115,103,118,124,118,128,125,144,122,136,143,119,176,156,116,143,91,112,150,513,138,115,250,124,242
indices_eo_cvec_nmf16_kmeans_0,128,137,130,163,115,147,1000,137,142,151,115,138,136,126,121,131,119,124,120,127,126,133,121,129,123,130,108,126,113,107,118,127,113,116,124,124,116,113,129,126,124,130,131,137,120,147,139,133,108,136,149,155,132,154,109,102
indices_eo_cvec_nmf16_kld,119,203,165,173,146,265,137,1000,182,265,118,251,119,138,123,122,105,113,105,124,119,121,125,147,138,131,125,160,135,148,99,133,97,152,140,161,118,148,126,153,147,155,129,143,137,213,140,208,131,156,261,203,122,217,113,165
indices_eo_cvec_nmf16_ks,122,163,220,166,132,156,142,182,1000,210,121,143,105,141,215,143,127,117,125,125,240,124,113,133,121,132,116,135,113,148,121,123,127,151,148,150,127,126,120,152,130,153,122,154,134,150,131,131,129,122,164,147,128,146,113,124
indices_eo_cvec_nmf16_cos,141,210,137,385,129,188,151,265,210,1000,106,172,116,167,130,147,93,59,117,144,123,166,126,171,142,120,136,185,171,179,135,123,115,187,175,189,132,147,133,193,172,215,156,179,154,297,127,235,145,130,199,275,108,259,127,124
indices_eo_cvec_nmf16_recon,136,121,111,119,131,132,115,118,121,106,1000,132,109,129,115,123,120,121,124,119,123,107,129,115,119,128,114,107,104,122,113,118,131,114,132,116,124,115,120,122,122,118,121,138,125,132,132,134,114,126,118,124,120,128,108,128
indices_eo_cvec_nmf16_taddy_0,136,327,187,133,127,863,138,251,143,172,132,1000,126,167,126,108,120,187,125,107,110,43,109,166,114,115,120,130,123,115,114,111,98,111,110,108,131,118,134,118,125,135,121,169,151,115,145,89,110,144,484,138,120,245,124,226
indices_eo_cvec_umap16_kmeans_0,134,116,114,111,114,129,136,119,105,116,109,126,1000,137,119,170,124,134,114,128,105,123,136,117,125,140,109,113,110,126,143,130,126,126,118,121,105,119,113,111,129,105,120,127,122,114,123,120,118,119,134,125,95,139,108,118
indices_eo_cvec_umap16_kld,108,163,137,161,129,157,126,138,141,167,129,167,137,1000,142,200,105,125,118,109,111,110,95,132,122,125,106,114,111,113,112,126,141,127,130,126,131,121,115,121,109,119,130,114,112,115,122,110,115,125,154,122,111,118,99,137
indices_eo_cvec_umap16_ks,121,120,470,121,108,117,121,123,215,130,115,126,119,142,1000,134,121,133,119,124,478,120,118,111,118,114,102,114,101,122,129,124,134,126,114,116,125,106,113,120,109,125,107,130,116,111,109,102,119,125,123,107,128,115,127,137
indices_eo_cvec_umap16_cos,130,130,119,156,135,105,131,122,143,147,123,108,170,200,134,1000,113,55,139,113,106,162,91,148,123,116,121,137,121,136,118,123,122,140,149,130,145,145,120,156,134,133,129,107,138,145,120,143,136,127,114,144,112,129,108,102
indices_eo_cvec_umap16_recon,117,120,127,121,107,115,119,105,127,93,120,120,124,105,121,113,1000,208,137,115,126,99,130,112,116,110,125,115,138,120,109,98,135,120,112,107,115,109,119,122,132,122,109,128,130,122,127,119,104,123,117,131,132,100,107,116
indices_eo_cvec_umap16_taddy_0,112,147,116,70,135,199,124,113,117,59,121,187,134,125,133,55,208,1000,111,108,120,36,113,93,99,127,116,71,110,93,114,96,135,71,83,83,100,108,125,55,102,77,104,153,137,51,165,73,119,111,197,65,152,100,112,213
indices_eo_cvec_tsne16_kmeans_0,138,131,114,123,135,119,120,105,125,117,124,125,114,118,119,139,137,111,1000,120,111,127,107,146,141,115,121,137,126,105,120,110,126,116,126,139,132,133,120,135,103,121,121,126,118,107,119,114,112,124,125,126,110,113,121,126
indices_eo_cvec_tsne16_kld,111,130,113,114,107,115,127,124,125,144,119,107,128,109,124,113,115,108,120,1000,143,177,124,141,111,120,124,120,120,123,110,122,123,130,115,110,107,131,115,126,121,134,130,119,118,164,98,157,117,124,116,153,118,127,93,95
indices_eo_cvec_tsne16_ks,118,101,424,114,122,109,126,119,240,123,123,110,105,111,478,106,126,120,111,143,1000,134,125,117,116,122,105,119,110,133,122,128,137,124,115,117,120,113,108,126,124,122,113,119,124,120,123,123,130,126,99,114,129,113,122,122
indices_eo_cvec_tsne16_cos,122,95,119,156,120,34,133,121,124,166,107,43,123,110,120,162,99,36,127,177,134,1000,123,92,111,112,112,139,135,152,122,131,108,155,145,153,134,114,133,164,123,139,143,104,146,258,93,238,147,113,74,242,89,188,118,74
indices_eo_cvec_tsne16_recon,114,115,137,110,135,113,121,125,113,126,129,109,136,95,118,91,130,113,107,124,125,123,1000,116,116,118,104,110,121,123,127,123,117,118,112,115,129,118,116,108,133,100,125,119,121,103,119,99,106,106,105,109,112,121,114,116
indices_eo_cvec_tsne16_taddy_0,135,164,118,191,118,177,129,147,133,171,115,166,117,132,111,148,112,93,146,141,117,92,116,1000,118,130,112,147,132,132,133,126,103,140,146,150,131,140,137,172,129,146,121,129,126,151,104,139,113,127,184,168,113,194,126,99
indices_eo_bert_kmeans_0,103,122,131,123,118,118,123,138,121,142,119,114,125,122,118,123,116,99,141,111,116,111,116,118,1000,107,113,175,181,175,130,118,124,160,160,143,126,112,118,160,146,148,124,126,119,153,111,150,123,116,128,158,121,147,119,102
indices_eo_bert_kld,132,118,116,108,129,118,130,131,132,120,128,115,140,125,114,116,110,127,115,120,122,112,118,130,107,1000,174,149,131,127,93,130,140,137,113,137,127,135,127,137,130,162,112,121,97,135,123,114,130,134,111,130,133,124,123,124
indices_eo_bert_ks,113,119,108,114,112,112,108,125,116,136,114,120,109,106,102,121,125,116,121,124,105,112,104,112,113,174,1000,147,128,138,143,134,146,134,135,142,118,127,107,141,143,142,124,117,120,126,110,143,116,127,113,119,131,128,118,107
indices_eo_bert_cos,108,144,127,192,114,130,126,160,135,185,107,130,113,114,114,137,115,71,137,120,119,139,110,147,175,149,147,1000,319,404,165,145,136,356,269,296,140,154,151,370,227,321,172,118,135,233,103,207,147,119,145,230,102,203,96,97
indices_eo_bert_recon,117,146,122,145,114,134,113,135,113,171,104,123,110,111,101,121,138,110,126,120,110,135,121,132,181,131,128,319,1000,375,144,129,131,239,290,271,159,158,151,249,236,264,138,131,130,190,114,195,133,110,148,175,115,191,115,123
indices_eo_bert_taddy_0,127,141,150,165,108,127,107,148,148,179,122,115,126,113,122,136,120,93,105,123,133,152,123,132,175,127,138,404,375,1000,172,152,131,290,293,344,169,155,150,319,215,303,157,130,124,227,107,221,137,114,139,210,113,207,110,105
indices_eo_roberta_kmeans_0,126,121,120,125,106,117,118,99,121,135,113,114,143,112,129,118,109,114,120,110,122,122,127,133,130,93,143,165,144,172,1000,118,130,173,153,185,116,134,128,163,137,157,139,111,112,136,125,142,117,105,121,138,109,130,131,110
indices_eo_roberta_kld,117,121,120,129,120,115,127,133,123,123,118,111,130,126,124,123,98,96,110,122,128,131,123,126,118,130,134,145,129,152,118,1000,173,159,122,125,126,132,125,151,124,131,111,96,121,129,113,131,119,128,111,142,107,118,108,100
indices_eo_roberta_ks,113,125,114,131,105,103,113,97,127,115,131,98,126,141,134,122,135,135,126,123,137,108,117,103,124,140,146,136,131,131,130,173,1000,161,135,138,98,112,122,143,126,142,110,112,113,136,123,131,153,112,113,136,112,126,105,115
indices_eo_roberta_cos,123,119,122,175,115,118,116,152,151,187,114,111,126,127,126,140,120,71,116,130,124,155,118,140,160,137,134,356,239,290,173,159,161,1000,345,370,144,137,125,358,220,281,161,135,120,222,119,209,140,110,118,238,98,197,128,112
indices_eo_roberta_recon,119,140,114,164,125,124,124,140,148,175,132,110,118,130,114,149,112,83,126,115,115,145,112,146,160,113,135,269,290,293,153,122,135,345,1000,421,146,135,133,302,224,255,144,120,129,213,100,232,144,108,133,209,110,202,120,115
indices_eo_roberta_taddy_0,130,121,127,166,133,118,124,161,150,189,116,108,121,126,116,130,107,83,139,110,117,153,115,150,143,137,142,296,271,344,185,125,138,370,421,1000,143,137,139,317,200,275,153,117,119,223,110,234,124,117,145,205,110,225,124,106
indices_eo_distil_kmeans_0,116,124,102,119,129,128,116,118,127,132,124,131,105,131,125,145,115,100,132,107,120,134,129,131,126,127,118,140,159,169,116,126,98,144,146,143,1000,135,119,207,147,182,116,114,129,143,106,144,122,128,126,151,128,146,112,114
indices_eo_distil_kld,136,127,112,136,114,125,113,148,126,147,115,118,119,121,106,145,109,108,133,131,113,114,118,140,112,135,127,154,158,155,134,132,112,137,135,137,135,1000,192,157,162,180,126,120,127,146,142,152,125,135,125,147,123,153,118,126
indices_eo_distil_ks,128,113,124,135,137,144,129,126,120,133,120,134,113,115,113,120,119,125,120,115,108,133,116,137,118,127,107,151,151,150,128,125,122,125,133,139,119,192,1000,146,131,166,126,125,139,135,129,140,107,126,134,156,117,153,129,126
indices_eo_distil_cos,102,137,134,202,119,122,126,153,152,193,122,118,111,121,120,156,122,55,135,126,126,164,108,172,160,137,141,370,249,319,163,151,143,358,302,317,207,157,146,1000,290,440,159,136,143,248,105,224,133,128,127,247,117,224,115,97
indices_eo_distil_recon,127,120,131,165,114,136,124,147,130,172,122,125,129,109,109,134,132,102,103,121,124,123,133,129,146,130,143,227,236,215,137,124,126,220,224,200,147,162,131,290,1000,305,139,127,126,172,109,170,134,124,117,172,126,161,113,126
indices_eo_distil_taddy_0,125,134,137,206,121,143,130,155,153,215,118,135,105,119,125,133,122,77,121,134,122,139,100,146,148,162,142,321,264,303,157,131,142,281,255,275,182,180,166,440,305,1000,143,138,127,237,113,190,139,120,142,215,135,212,114,103
indices_eo_glove6B_kmeans_0,131,128,124,144,121,119,131,129,122,156,121,121,120,130,107,129,109,104,121,130,113,143,125,121,124,112,124,172,138,157,139,111,110,161,144,153,116,126,126,159,139,143,1000,132,137,204,132,214,117,120,109,208,118,187,120,110
indices_eo_glove6B_kld,108,153,123,176,124,176,137,143,154,179,138,169,127,114,130,107,128,153,126,119,119,104,119,129,126,121,117,118,131,130,111,96,112,135,120,117,114,120,125,136,127,138,132,1000,185,205,141,159,144,141,168,175,127,175,98,161
indices_eo_glove6B_ks,120,152,133,131,112,156,120,137,134,154,125,151,122,112,116,138,130,137,118,118,124,146,121,126,119,97,120,135,130,124,112,121,113,120,129,119,129,127,139,143,126,127,137,185,1000,168,136,182,109,107,140,154,126,172,122,129
indices_eo_glove6B_cos,131,144,122,238,117,116,147,213,150,297,132,115,114,115,111,145,122,51,107,164,120,258,103,151,153,135,126,233,190,227,136,129,136,222,213,223,143,146,135,248,172,237,204,205,168,1000,117,566,165,130,158,514,103,431,115,134
indices_eo_glove6B_recon,138,123,129,128,122,143,139,140,131,127,132,145,123,122,109,120,127,165,119,98,123,93,119,104,111,123,110,103,114,107,125,113,123,119,100,110,106,142,129,105,109,113,132,141,136,117,1000,119,115,143,162,120,142,138,109,154
indices_eo_glove6B_taddy_0,136,120,121,166,117,91,133,208,131,235,134,89,120,110,102,143,119,73,114,157,123,238,99,139,150,114,143,207,195,221,142,131,131,209,232,234,144,152,140,224,170,190,214,159,182,566,119,1000,160,130,147,482,117,458,108,152
indices_eo_universal_kmeans_0,115,125,113,141,114,112,108,131,129,145,114,110,118,115,119,136,104,119,112,117,130,147,106,113,123,130,116,147,133,137,117,119,153,140,144,124,122,125,107,133,134,139,117,144,109,165,115,160,1000,109,123,173,107,166,100,120
indices_eo_universal_kld,134,125,121,147,121,150,136,156,122,130,126,144,119,125,125,127,123,111,124,124,126,113,106,127,116,134,127,119,110,114,105,128,112,110,108,117,128,135,126,128,124,120,120,141,107,130,143,130,109,1000,209,141,120,142,101,123
indices_eo_universal_ks,125,280,163,145,124,513,149,261,164,199,118,484,134,154,123,114,117,197,125,116,99,74,105,184,128,111,113,145,148,139,121,111,113,118,133,145,126,125,134,127,117,142,109,168,140,158,162,147,123,209,1000,193,121,306,105,235
indices_eo_universal_cos,135,147,128,236,126,138,155,203,147,275,124,138,125,122,107,144,131,65,126,153,114,242,109,168,158,130,119,230,175,210,138,142,136,238,209,205,151,147,156,247,172,215,208,175,154,514,120,482,173,141,193,1000,95,495,105,113
indices_eo_universal_recon,130,113,132,110,114,115,132,122,128,108,120,120,95,111,128,112,132,152,110,118,129,89,112,113,121,133,131,102,115,113,109,107,112,98,110,110,128,123,117,117,126,135,118,127,126,103,142,117,107,120,121,95,1000,91,102,125
indices_eo_universal_taddy_0,129,197,139,219,132,250,154,217,146,259,128,245,139,118,115,129,100,100,113,127,113,188,121,194,147,124,128,203,191,207,130,118,126,197,202,225,146,153,153,224,161,212,187,175,172,431,138,458,166,142,306,495,91,1000,113,160
indices_eo_random_0,112,120,117,109,128,124,109,113,113,127,108,124,108,99,127,108,107,112,121,93,122,118,114,126,119,123,118,96,115,110,131,108,105,128,120,124,112,118,129,115,113,114,120,98,122,115,109,108,100,101,105,105,102,113,948,135
indices_eo_topics_taddy_0,116,202,137,117,131,242,102,165,124,124,128,226,118,137,137,102,116,213,126,95,122,74,116,99,102,124,107,97,123,105,110,100,115,112,115,106,114,126,126,97,126,103,110,161,129,134,154,152,120,123,235,113,125,160,135,1000
